name,isin,as_of_date
WIPRO LTD,INE075A01022,2026-06-30
BAJAJ FINSERV LTD,INE918I01026,2026-06-30
TATA COMMUNICATIONS LTD,INE151A01013,2026-06-30
OBEROI REALTY LTD,INE093I01010,2026-06-30
BAJAJ HOLDINGS AND INVESTMENT LTD,INE118A01012,2026-06-30
HDFC ASSET MANAGEMENT COMPANY LTD,INE127D01025,2026-06-30
COAL INDIA LTD,INE522F01014,2026-06-30
HCL TECHNOLOGIES LTD,INE860A01027,2026-06-30
JINDAL STAINLESS LTD,INE220G01021,2026-06-30
ADANI GREEN ENERGY LTD,INE364U01010,2026-06-30
HAVELLS INDIA LTD,INE176B01034,2026-06-30
PIDILITE INDUSTRIES LTD,INE318A01026,2026-06-30
GMR AIRPORTS LTD,INE776C01039,2026-06-30
GRASIM INDUSTRIES LTD,INE047A01021,2026-06-30
VOLTAS LTD,INE226A01021,2026-06-30
ITC LTD,INE154A01025,2026-06-30
KNOWLEDGE REALTY TRUST,INE1JAR25012,2026-06-30
L&amp;T TECHNOLOGY SERVICES LTD,INE010V01017,2026-06-30
SOLAR INDUSTRIES INDIA LTD,INE343H01029,2026-06-30
SJVN LTD,INE002L01015,2026-06-30
INDIAN RAILWAY FINANCE CORP LTD,INE053F01010,2026-06-30
TATA MOTORS PASSENGER VEHICLES LTD,INE155A01022,2026-06-30
ICICI BANK LTD,INE090A01021,2026-06-30
ICICI PRUDENTIAL LIFE INSURANCE CO LTD,INE726G01019,2026-06-30
BAYER CROPSCIENCE LTD,INE462A01022,2026-06-30
STAR HEALTH AND ALLIED INSURANCE CO LTD,INE575P01011,2026-06-30
TATA TECHNOLOGIES LTD,INE142M01025,2026-06-30
ADANI TOTAL GAS LTD,INE399L01023,2026-06-30
MANKIND PHARMA LTD,INE634S01028,2026-06-30
UNITED SPIRITS LTD,INE854D01024,2026-06-30
ULTRATECH CEMENT LTD,INE481G01011,2026-06-30
ALKEM LABORATORIES LTD,INE540L01014,2026-06-30
AXIS BANK LTD,INE238A01034,2026-06-30
STATE BANK OF INDIA,INE062A01020,2026-06-30
APOLLO HOSPITALS ENTERPRISES LTD,INE437A01024,2026-06-30
PHOENIX MILLS LTD (THE),INE211B01039,2026-06-30
ADANI PORTS AND SPECIAL ECONOMIC ZONE LTD,INE742F01042,2026-06-30
BHARAT DYNAMICS LTD,INE171Z01026,2026-06-30
TATA ELXSI LTD,INE670A01012,2026-06-30
HOUSING &amp; URBAN DEVELOPMENT CORP LTD,INE031A01017,2026-06-30
AIA ENGINEERING LTD,INE212H01026,2026-06-30
MAX HEALTHCARE INSTITUTE LTD,INE027H01010,2026-06-30
BANK OF INDIA LTD,INE084A01016,2026-06-30
LUPIN LTD,INE326A01037,2026-06-30
THERMAX LTD,INE152A01029,2026-06-30
TATA MOTORS LTD,INE1TAE01010,2026-06-30
APL APOLLO TUBES LTD,INE702C01027,2026-06-30
LENSKART SOLUTIONS LTD,INE956O01016,2026-06-30
ENDURANCE TECHNOLOGIES LTD,INE913H01037,2026-06-30
GE VERNOVA T&amp;D INDIA LTD,INE200A01026,2026-06-30
MAHINDRA &amp; MAHINDRA FINANCIAL SERVICES LTD,INE774D01024,2026-06-30
DIVI'S LABORATORIES LTD,INE361B01024,2026-06-30
TVS MOTOR CO LTD,INE494B01023,2026-06-30
LIC HOUSING FINANCE LTD,INE115A01026,2026-06-30
HINDUSTAN PETROLEUM CORP LTD,INE094A01015,2026-06-30
COCHIN SHIPYARD LTD,INE704P01025,2026-06-30
DLF LTD,INE271C01023,2026-06-30
NHPC LTD,INE848E01016,2026-06-30
BLUE STAR LTD,INE472A01039,2026-06-30
ICICI LOMBARD GENERAL INSURANCE CO LTD,INE765G01017,2026-06-30
AUTHUM INVESTMENT &amp; INFRASTRUCTURE LTD,INE206F01022,2026-06-30
GUJARAT FLUOROCHEMICALS LTD,INE09N301011,2026-06-30
COFORGE LTD,INE591G01025,2026-06-30
DABUR INDIA LTD,INE016A01026,2026-06-30
METRO BRANDS LTD,INE317I01021,2026-06-30
MAHINDRA &amp; MAHINDRA LTD,INE101A01026,2026-06-30
DALMIA BHARAT LTD,INE00R701025,2026-06-30
SHRIRAM FINANCE LTD,INE721A01047,2026-06-30
TITAN COMPANY LTD,INE280A01028,2026-06-30
IRB INFRASTRUCTURE DEVELOPERS LTD,INE821I01022,2026-06-30
SUN PHARMACEUTICAL INDUSTRIES LTD,INE044A01036,2026-06-30
GODREJ INDUSTRIES LTD,INE233A01035,2026-06-30
PERSISTENT SYSTEMS LTD,INE262H01021,2026-06-30
POWER GRID CORP OF INDIA LTD,INE752E01010,2026-06-30
SCHAEFFLER INDIA LTD,INE513A01022,2026-06-30
LODHA DEVELOPERS LTD,INE670K01029,2026-06-30
PAGE INDUSTRIES LTD,INE761H01022,2026-06-30
FORTIS HEALTHCARE LTD,INE061F01013,2026-06-30
INFO EDGE (INDIA) LTD,INE663F01032,2026-06-30
MANGALORE REFINERY AND PETROCHEMICALS LTD,INE103A01014,2026-06-30
MAZAGON DOCK SHIPBUILDERS LTD,INE249Z01020,2026-06-30
L&amp;T FINANCE LTD,INE498L01015,2026-06-30
BATA INDIA LTD,INE176A01028,2026-06-30
POWER FINANCE CORP LTD,INE134E01011,2026-06-30
MEESHO LTD,INE0VDM01015,2026-06-30
AMBUJA CEMENTS LTD,INE079A01024,2026-06-30
NIPPON LIFE INDIA ASSET MANAGEMENT LTD,INE298J01013,2026-06-30
PRESTIGE ESTATES PROJECTS LTD,INE811K01011,2026-06-30
UPL LTD,INE628A01036,2026-06-30
YES BANK LTD,INE528G01035,2026-06-30
CHOLAMANDALAM INVESTMENT &amp; FINANCE COMPANY LTD,INE121A01024,2026-06-30
BAJAJ AUTO LTD,INE917I01010,2026-06-30
NATIONAL ALUMINIUM COMPANY LTD,INE139A01034,2026-06-30
GLAXOSMITHKLINE PHARMACEUTICALS LTD,INE159A01016,2026-06-30
TATA POWER COMPANY LTD (THE),INE245A01021,2026-06-30
BANDHAN BANK LTD,INE545U01014,2026-06-30
JINDAL STEEL LTD,INE749A01030,2026-06-30
RBL BANK LTD,INE976G01028,2026-06-30
INDIAN HOTELS COMPANY LTD (THE),INE053A01029,2026-06-30
ZYDUS LIFESCIENCES LTD,INE010B01027,2026-06-30
NEW INDIA ASSURANCE CO LTD (THE),INE470Y01017,2026-06-30
TATA CONSULTANCY SERVICES LTD,INE467B01029,2026-06-30
TATA CONSUMER PRODUCTS LTD,INE192A01025,2026-06-30
AU SMALL FINANCE BANK LTD,INE949L01017,2026-06-30
EICHER MOTORS LTD,INE066A01021,2026-06-30
BSE LTD,INE118H01025,2026-06-30
CANARA BANK LTD,INE476A01022,2026-06-30
SONA BLW PRECISION FORGINGS LTD,INE073K01018,2026-06-30
JIO FINANCIAL SERVICES LTD,INE758E01017,2026-06-30
KAYNES TECHNOLOGY INDIA LTD,INE918Z01012,2026-06-30
SYNGENE INTERNATIONAL LTD,INE398R01022,2026-06-30
SAMVARDHANA MOTHERSON INTERNATIONAL LTD,INE775A01035,2026-06-30
ASTRAL LTD,INE006I01046,2026-06-30
GODREJ CONSUMER PRODUCTS LTD,INE102D01028,2026-06-30
JSW ENERGY LTD,INE121E01018,2026-06-30
AVENUE SUPERMARTS LTD,INE192R01011,2026-06-30
PIRAMAL FINANCE LTD,INE202B01038,2026-06-30
REC LTD,INE020B01018,2026-06-30
SUZLON ENERGY LTD,INE040H01021,2026-06-30
NLC INDIA LTD,INE589A01014,2026-06-30
KPIT TECHNOLOGIES LTD,INE04I401011,2026-06-30
BOSCH LTD,INE323A01026,2026-06-30
NARAYANA HRUDAYALAYA LTD,INE410P01011,2026-06-30
ASIAN PAINT LTD,INE021A01026,2026-06-30
BIOCON LTD,INE376G01013,2026-06-30
3M INDIA LTD,INE470A01017,2026-06-30
SWIGGY LTD,INE00H001014,2026-06-30
HINDALCO INDUSTRIES LTD,INE038A01020,2026-06-30
COROMANDEL INTERNATIONAL LTD,INE169A01031,2026-06-30
LARSEN &amp; TOUBRO LTD,INE018A01030,2026-06-30
INDUS TOWERS LTD,INE121J01017,2026-06-30
TORRENT PHARMACEUTICAL LTD,INE685A01028,2026-06-30
GENERAL INSURANCE CORP OF INDIA,INE481Y01014,2026-06-30
CENTRAL BANK OF INDIA,INE483A01010,2026-06-30
INDIAN BANK,INE562A01011,2026-06-30
UNITED BREWERIES LTD,INE686F01025,2026-06-30
LLOYDS METALS &amp; ENERGY LTD,INE281B01032,2026-06-30
VISHAL MEGA MART LTD,INE01EA01019,2026-06-30
SBI CARDS AND PAYMENT SERVICES LTD,INE018E01016,2026-06-30
HITACHI ENERGY INDIA LTD,INE07Y701011,2026-06-30
VEDANTA LTD,INE205A01025,2026-06-30
BHARTI AIRTEL LTD,INE397D01024,2026-06-30
AWL AGRI BUSINESS LTD,INE699H01024,2026-06-30
BHARAT FORGE LTD,INE465A01025,2026-06-30
IDFC FIRST BANK LTD,INE092T01019,2026-06-30
EMAMI LTD,INE548C01032,2026-06-30
INDUSIND BANK LTD,INE095A01012,2026-06-30
MULTI COMMODITY EXCHANGE OF INDIA LTD,INE745G01043,2026-06-30
ASHOK LEYLAND LTD,INE208A01029,2026-06-30
NTPC LTD,INE733E01010,2026-06-30
KANSAI NEROLAC PAINTS LTD,INE531A01024,2026-06-30
NESTLE' INDIA LTD,INE239A01024,2026-06-30
BALKRISHNA INDUSTRIES LTD,INE787D01026,2026-06-30
BHARAT ELECTRONICS LTD,INE263A01024,2026-06-30
SBI LIFE INSURANCE CO LTD,INE123W01016,2026-06-30
PI INDUSTRIES LTD,INE603J01030,2026-06-30
PATANJALI FOODS LTD,INE619A01035,2026-06-30
DIXON TECHNOLOGIES (INDIA) LTD,INE935N01020,2026-06-30
ORACLE FINANCIAL SERVICES SOFTWARE LTD,INE881D01027,2026-06-30
KOTAK MAHINDRA BANK LTD,INE237A01036,2026-06-30
HINDUSTAN ZINC LTD,INE267A01025,2026-06-30
FEDERAL BANK LTD (THE),INE171A01029,2026-06-30
HONEYWELL AUTOMATION INDIA LTD,INE671A01010,2026-06-30
CIPLA LTD,INE059A01026,2026-06-30
AUROBINDO PHARMA LTD,INE406A01037,2026-06-30
DEEPAK NITRITE LTD,INE288B01029,2026-06-30
INTERGLOBE AVIATION LTD,INE646L01027,2026-06-30
ETERNAL LTD,INE758T01015,2026-06-30
LAURUS LABS LTD,INE947Q01028,2026-06-30
SRF LTD,INE647A01010,2026-06-30
INDIAN OVERSEAS BANK LTD,INE565A01014,2026-06-30
IDBI BANK LTD,INE008A01015,2026-06-30
TUBE INVESTMENTS OF INDIA LTD,INE974X01010,2026-06-30
HDFC BANK LTD,INE040A01034,2026-06-30
MARICO LTD,INE196A01026,2026-06-30
360 ONE WAM LTD,INE466L01038,2026-06-30
GUJARAT ENERGY LTD,INE844O01030,2026-06-30
BAJAJ HOUSING FINANCE LTD,INE377Y01014,2026-06-30
PUNJAB NATIONAL BANK LTD,INE160A01022,2026-06-30
STEEL AUTHORITY OF INDIA LTD,INE114A01011,2026-06-30
JUBILANT FOODWORKS LTD,INE797F01020,2026-06-30
ONE 97 COMMUNICATIONS LTD,INE982J01020,2026-06-30
CONTAINER CORP OF INDIA LTD,INE111A01025,2026-06-30
ADANI ENERGY SOLUTIONS LTD,INE931S01010,2026-06-30
TECH MAHINDRA LTD,INE669C01036,2026-06-30
VEDANT FASHIONS LTD,INE825V01034,2026-06-30
WHIRLPOOL OF INDIA LTD,INE716A01013,2026-06-30
CRISIL LTD,INE007A01025,2026-06-30
HINDUSTAN COPPER LTD,INE531E01026,2026-06-30
INDIAN OIL CORP LTD,INE242A01010,2026-06-30
RELAXO FOOTWEARS LTD,INE131B01039,2026-06-30
HINDUSTAN AERONAUTICS LTD,INE066F01020,2026-06-30
INDIAN RAILWAY CATERING AND TOURISM CORP LTD,INE335Y01020,2026-06-30
NTPC GREEN ENERGY LTD,INE0ONG01011,2026-06-30
UNION BANK OF INDIA LTD,INE692A01016,2026-06-30
J.K. CEMENT LTD,INE823G01014,2026-06-30
BHARAT PETROLEUM CORP LTD,INE029A01011,2026-06-30
GLENMARK PHARMACEUTICALS LTD,INE935A01035,2026-06-30
SIEMENS ENERGY INDIA LTD,INE1NPP01017,2026-06-30
BAJAJ FINANCE LTD,INE296A01032,2026-06-30
TORRENT POWER LTD,INE813H01021,2026-06-30
SUNDARAM FINANCE LTD,INE660A01013,2026-06-30
MPHASIS LTD,INE356A01018,2026-06-30
JSW INFRASTRUCTURE LTD,INE880J01026,2026-06-30
JSW STEEL LTD,INE019A01038,2026-06-30
NMDC LTD,INE584A01023,2026-06-30
AJANTA PHARMA LTD,INE031B01049,2026-06-30
KEI INDUSTRIES LTD,INE878B01027,2026-06-30
TATA STEEL LTD,INE081A01020,2026-06-30
LG ELECTRONICS INDIA LTD,INE324D01010,2026-06-30
CENTRAL DEPOSITORY SERVICES (INDIA) LTD,INE736A01011,2026-06-30
BHARAT HEAVY ELECTRICALS LTD,INE257A01026,2026-06-30
EXIDE INDUSTRIES LTD,INE302A01020,2026-06-30
MARUTI SUZUKI INDIA LTD,INE585B01010,2026-06-30
TATA CAPITAL LTD,INE976I01016,2026-06-30
PREMIER ENERGIES LTD,INE0BS701011,2026-06-30
CASTROL INDIA LTD,INE172A01027,2026-06-30
BERGER PAINTS INDIA LTD,INE463A01038,2026-06-30
HDFC LIFE INSURANCE CO LTD,INE795G01014,2026-06-30
ITC HOTELS LTD,INE379A01028,2026-06-30
HEXAWARE TECHNOLOGIES LTD,INE093A01041,2026-06-30
BRITANNIA INDUSTRIES LTD,INE216A01030,2026-06-30
POLYCAB INDIA LTD,INE455K01017,2026-06-30
POONAWALLA FINCORP LTD,INE511C01022,2026-06-30
RELIANCE INDUSTRIES LTD,INE002A01018,2026-06-30
CUMMINS INDIA LTD,INE298A01020,2026-06-30
TRENT LTD,INE849A01020,2026-06-30
LINDE INDIA LTD,INE473A01011,2026-06-30
DR. REDDY'S LABORATORIES LTD,INE089A01031,2026-06-30
HYUNDAI MOTOR INDIA LTD,INE0V6F01027,2026-06-30
HERO MOTOCORP LTD,INE158A01026,2026-06-30
PETRONET LNG LTD,INE347G01014,2026-06-30
BANK OF BARODA,INE028A01039,2026-06-30
APAR INDUSTRIES,INE372A01015,2026-06-30
HDB FINANCIAL SERVICES LTD,INE756I01012,2026-06-30
MUTHOOT FINANCE LTD,INE414G01012,2026-06-30
OIL INDIA LTD,INE274J01014,2026-06-30
RAIL VIKAS NIGAM LTD,INE415G01027,2026-06-30
EMBASSY OFFICE PARKS REIT,INE041025011,2026-06-30
IPCA LABORATORIES LTD,INE571A01038,2026-06-30
COLGATE-PALMOLIVE INDIA LTD,INE259A01022,2026-06-30
VARUN BEVERAGES LTD,INE200M01039,2026-06-30
GODREJ PROPERTIES LTD,INE484J01027,2026-06-30
ADITYA BIRLA CAPITAL LTD,INE674K01013,2026-06-30
BANK OF MAHARASHTRA,INE457A01014,2026-06-30
PB FINTECH LTD,INE417T01026,2026-06-30
ICICI PRUDENTIAL ASSET MANAGEMENT CO LTD,INE346A01027,2026-06-30
KALYAN JEWELLERS INDIA LTD,INE303R01014,2026-06-30
MRF LTD,INE883A01011,2026-06-30
AARTI INDUSTRIES LTD,INE769A01020,2026-06-30
ESCORTS KUBOTA LTD,INE042A01014,2026-06-30
SIEMENS LTD,INE003A01024,2026-06-30
INDRAPRASTHA GAS LTD,INE203G01027,2026-06-30
UNO MINDA LTD,INE405E01023,2026-06-30
CG POWER AND INDUSTRIAL SOLUTIONS LTD,INE067A01029,2026-06-30
GAIL (INDIA) LTD,INE129A01019,2026-06-30
ABB LTD (IN),INE117A01022,2026-06-30
FSN E-COMMERCE VENTURES PRIVATE LTD,INE388Y01029,2026-06-30
HINDUSTAN UNILEVER LTD,INE030A01027,2026-06-30
ADANI ENTERPRISES LTD,INE423A01024,2026-06-30
ADANI POWER LTD,INE814H01029,2026-06-30
SHREE CEMENT LTD,INE070A01015,2026-06-30
SUPREME INDUSTRIES LTD (THE),INE195A01028,2026-06-30
MOTILAL OSWAL FINANCIAL SERVICES LTD,INE338I01027,2026-06-30
BILLIONBRAINS GARAGE VENTURES LTD,INE0HOQ01053,2026-06-30
ACC LTD,INE012A01025,2026-06-30
VODAFONE IDEA LTD,INE669E01016,2026-06-30
INDIAN RENEWABLE ENERGY DEVELOPMENT AGENCY LTD,INE202E01016,2026-06-30
OIL AND NATURAL GAS CORP LTD,INE213A01029,2026-06-30
MAX FINANCIAL SERVICES LTD,INE180A01020,2026-06-30
SUN TV NETWORK LTD,INE424H01027,2026-06-30
GODFREY PHILLIPS INDIA LTD,INE260B01028,2026-06-30
BHARTI HEXACOM LTD,INE343G01021,2026-06-30
WAAREE ENERGIES LTD,INE377N01017,2026-06-30
LTM LTD,INE214T01019,2026-06-30
CHOLAMANDALAM FINANCIAL HOLDINGS LTD,INE149A01033,2026-06-30
INFOSYS LTD,INE009A01021,2026-06-30
DR. LAL PATHLABS LTD,INE600L01024,2026-06-30
